feature,importance
visitor_count,0.33837894318845624
tourism_spending_prev_year,0.32571725271395685
destination_search,0.3067837090267541
spending_per_visitor,0.017158169274866877
avg_stay_time,0.007086450704402562
tourism_spending_recovery_rate,0.0012157725962164022
year,0.0012062861962876007
tourism_spending_growth_rate,0.0009974903194333458
visitor_per_search,0.0009064244416264752
avg_lodging_days,0.0005495015379994159
