k,inertia,silhouette
2,98.48819279515759,0.5870429034626737
3,58.15980393283478,0.5648245905224634
4,41.27260817526992,0.4380831287319118
5,27.598569068151562,0.3076135501277176
6,19.11831897039792,0.2557032992976769
7,13.275324631268834,0.25519616672193507
